2023-09-03 10:25:01.294820,0,FluentCalculator.__init__,23a59f3d-5042-439d-bef2-5d507478f3a1,Success,None
2023-09-03 10:25:01.297564,1004,FluentCalculator.add,23a59f3d-5042-439d-bef2-5d507478f3a1,Success,None
2023-09-03 10:25:02.304538,1001,FluentCalculator.subtract,23a59f3d-5042-439d-bef2-5d507478f3a1,Success,None
2023-09-03 10:25:03.309939,1000,FluentCalculator.get_result,23a59f3d-5042-439d-bef2-5d507478f3a1,Success,None
2023-09-03 10:25:01.291573,3018,first_calc,23a59f3d-5042-439d-bef2-5d507478f3a1,Success,None
2023-09-03 10:25:04.316620,0,FluentCalculator.__init__,cb445bba-b70e-447b-859f-f632d95367f8,Success,None
2023-09-03 10:25:04.319415,1001,FluentCalculator.add,cb445bba-b70e-447b-859f-f632d95367f8,Success,None
2023-09-03 10:25:05.324870,1002,FluentCalculator.divide,cb445bba-b70e-447b-859f-f632d95367f8,Failure,ZeroDivisionError
2023-09-03 10:25:04.313570,2016,second_calc,cb445bba-b70e-447b-859f-f632d95367f8,Failure,ZeroDivisionError
2023-09-03 10:25:35.910443,0,FluentCalculator.__init__,4956e221-5824-4d5b-b1c1-526efa2c8e36,Success,None
2023-09-03 10:25:35.913171,1000,FluentCalculator.add,4956e221-5824-4d5b-b1c1-526efa2c8e36,Success,None
2023-09-03 10:25:36.916800,1005,FluentCalculator.subtract,4956e221-5824-4d5b-b1c1-526efa2c8e36,Success,None
2023-09-03 10:25:37.925797,1003,FluentCalculator.get_result,4956e221-5824-4d5b-b1c1-526efa2c8e36,Success,None
2023-09-03 10:25:35.907538,3022,first_calc,4956e221-5824-4d5b-b1c1-526efa2c8e36,Success,None
2023-09-03 10:25:38.936570,0,FluentCalculator.__init__,f6b39a5d-8ea1-4d94-82e1-58db8e555245,Success,None
2023-09-03 10:25:38.939291,1004,FluentCalculator.add,f6b39a5d-8ea1-4d94-82e1-58db8e555245,Success,None
2023-09-03 10:25:39.946962,1003,FluentCalculator.divide,f6b39a5d-8ea1-4d94-82e1-58db8e555245,Failure,ZeroDivisionError
2023-09-03 10:25:38.933636,2018,second_calc,f6b39a5d-8ea1-4d94-82e1-58db8e555245,Failure,ZeroDivisionError
2023-09-03 10:25:51.988756,0,FluentCalculator.__init__,04cc42f9-5ccd-4ac1-9156-e643dabf7ee5,Success,None
2023-09-03 10:25:51.991494,1004,FluentCalculator.add,04cc42f9-5ccd-4ac1-9156-e643dabf7ee5,Success,None
2023-09-03 10:25:52.998309,1000,FluentCalculator.subtract,04cc42f9-5ccd-4ac1-9156-e643dabf7ee5,Success,None
2023-09-03 10:25:54.001695,1002,FluentCalculator.get_result,04cc42f9-5ccd-4ac1-9156-e643dabf7ee5,Success,None
2023-09-03 10:25:51.985977,3018,first_calc,04cc42f9-5ccd-4ac1-9156-e643dabf7ee5,Success,None
2023-09-03 10:25:55.009987,0,FluentCalculator.__init__,bcc4157c-9075-4156-b198-6dec2280f737,Success,None
2023-09-03 10:25:55.012699,1004,FluentCalculator.add,bcc4157c-9075-4156-b198-6dec2280f737,Success,None
2023-09-03 10:25:56.020880,1001,FluentCalculator.divide,bcc4157c-9075-4156-b198-6dec2280f737,Failure,ZeroDivisionError
2023-09-03 10:25:55.007362,2017,second_calc,bcc4157c-9075-4156-b198-6dec2280f737,Failure,ZeroDivisionError
